"asset","works_category_level_1","item","quantity","cf_name","input_unit","A5","asset_lifetime","replacements_during_lifetime","no_granular_data_A1_A3","no_granular_data_A4","no_granular_data_B2","no_granular_data_B4"
"hs_tunnel_portal","Other","HS_tunnel_portal","1.000000","no_granular_data","no_granular_data","1942.000000",,,9250,1665,,
"hs_bored_tunnel","Other","HS_bored_tunnel","0.001000","no_granular_data","asset_unit","0.000081",,,0.00027,0.00022,,
"hs_mined_tunnel","Other","HS_mined_tunnel","0.001000","no_granular_data","asset_unit",,,,0.175,0.034,,
"hs_line_cutting","Other","HS_line_cutting","0.001000","no_granular_data","asset_unit","3.850000",,,3.5,3.255,,
"hs_line_cutting","Other","HS_line_cutting","0.001000","no_granular_data","asset_unit","0.682000",,,0.62,0.577,,
"hs_embankment","Other","HS_embankment","0.001000","no_granular_data","asset_unit","6.952000",,,8.8,5.28,,
"hs_viaduct","Highways","Viaduct Access Tracks and Footpaths","679.940000","Fill, aggregate and sand General mixture","kg","6.470000","30","3",,,,
"hs_viaduct","Highways","Concrete kerbing","0.072970","Kerb Pre-cast concrete 125x305mm","m","0.000180","30","3",,,,
"hs_viaduct","Highways","Limestone dust","8.413350","Limestone - General","kg","0.000060","30","3",,,,
"hs_viaduct","Highways","Kerbing","0.251930","Grasscrete","m2","0.001550","30","3",,,,
"hs_viaduct","Highways","Imported fill","1505.040000","Fill, aggregate and sand General mixture","kg","14.310000","30","3",,,,
"hs_viaduct","Drainage","Geotextiles","13.459940","Polypropylene (PP)","kg","0.013600","120","0",,,,
"hs_viaduct","Drainage","HDPE Ridgidrain Perforated Pipe","12.723740","HDPE - Pipe","kg","0.006440","120","0",,,,
"hs_viaduct","Drainage","PVC Drainage Pipes","5.124100","PVC - Pipe","kg","0.003320","120","0",,,,
"hs_viaduct","Drainage","UPVC Membrane","3.230390","UPVC - Film","kg","0.002050","120","0",,,,
"hs_viaduct","Drainage","Drainage Stone (m3)","1236.610000","Fill, aggregate and sand General mixture","kg","6.710000","120","0",,,,
"hs_viaduct","Noise Barriers","Acrylic","59.964390","PMMA - Sheet","kg","0.058610","30","3",,,,
"hs_viaduct","Noise Barriers","Rockwool","8.252360","Insulation - Rockwool (Stonewool)","kg","0.002040","30","3",,,,
"hs_viaduct","Noise Barriers","Steel Frame","312.951780","Steel - Section","kg","0.163780","30","3",,,,
"hs_viaduct","Noise Barriers","Longitudinal Steel Support Beam","156.883530","Steel - Section","kg","0.082100","30","3",,,,
"hs_viaduct","Noise Barriers","Vertical Steel Support Columns","369.672110","Steel - Section","kg","0.193460","30","3",,,,
"hs_viaduct","Noise Barriers","Vertical Steel Support Columns","10.804960","Steel - Section","kg","0.005650","30","3",,,,
"hs_viaduct","Noise Barriers","Absorptive top edge - beam","954.578640","Steel - Section","kg","0.499570","30","3",,,,
"hs_viaduct","Noise Barriers","Absorbative top edge - resonator","6.964990","Polypropylene (PP)","kg","0.006420","30","3",,,,
"hs_viaduct","Noise Barriers","Steel Cladding on Acrylic Wall","35.057120","Polypropylene (PP)","kg","0.032300","30","3",,,,
"hs_viaduct","Noise Barriers","Rubber flab","45.146880","Rubber - General","kg","0.026790","30","3",,,,
"hs_viaduct","Other","Temporary works - Viaduct Haul Road Hardstand","56201.780000","Fill, aggregate and sand General mixture","kg","304.940000","120","0",,,,
"hs_viaduct","Concrete","Piling","16.090800","Ready mix concrete  25% GGBS replacement - C40/50","m3","0.194440","120","0",,,,
"hs_viaduct","Concrete","Pile Caps","3.794070","Ready mix concrete  25% GGBS replacement - C40/50","m3","0.083200","120","0",,,,
"hs_viaduct","Concrete","Pier","4.661570","Ready mix concrete  25% GGBS replacement - C40/50","m3","0.050870","120","0",,,,
"hs_viaduct","Concrete","Abutments","0.084120","Ready mix concrete  25% GGBS replacement - C40/50","m3","0.002940","120","0",,,,
"hs_viaduct","Concrete","Precast Segments","24.452230","Ready mix concrete  25% GGBS replacement - C40/50","m3","0.356320","120","0",,,,
"hs_viaduct","Concrete","Equipment","11.565580","Ready mix concrete  25% GGBS replacement - C40/50","m3","0.086820","120","0",,,,
"hs_viaduct","Concrete","River Colne Diversion (temporary works)","0.052710","Ready mix concrete  25% GGBS replacement - C40/50","m3","0.000390","120","0",,,,
"hs_viaduct","Concrete","Jetty (temporary works)","25.181440","Ready mix concrete  25% GGBS replacement - C40/50","m3","0.231000","120","0",,,,
"hs_viaduct","Concrete","Construction Compounds (temporary works)","3.237630","Ready mix concrete  25% GGBS replacement - C40/50","m3","0.029710","120","0",,,,
"hs_viaduct","Concrete","Fencing","0.027260","Ready mix concrete  25% GGBS replacement - C40/50","m3","0.000570","30","3",,,,
"hs_viaduct","Steel","Piling","2128.100000","Reinforcement steel Steel bar and rod","kg","0.000000","120","0",,,,
"hs_viaduct","Steel","Pile Caps","886.820000","Reinforcement steel Steel bar and rod","kg","0.000000","120","0",,,,
"hs_viaduct","Steel","Pier","687.790000","Reinforcement steel Steel bar and rod","kg","0.000000","120","0",,,,
"hs_viaduct","Steel","Abutments","29.970000","Reinforcement steel Steel bar and rod","kg","0.000000","120","0",,,,
"hs_viaduct","Steel","Precast Segments","5448.000000","Reinforcement steel Steel bar and rod","kg","0.000000","120","0",,,,
"hs_viaduct","Steel","Equipment","586.820000","Reinforcement steel Steel bar and rod","kg","0.000000","120","0",,,,
"hs_viaduct","Steel","Bearings","174.213650","Steel - General - Virgin","kg","0.000000","120","0",,,,
"hs_viaduct","Steel","Coffer dams","352.232490","Steel - General - Virgin","kg","0.000000","120","0",,,,
"hs_viaduct","Steel","River Colne Diversion (temporary works)","229.228490","Steel - Section","kg","0.000000","120","0",,,,
"hs_viaduct","Steel","Jetty (temporary works)","1240.464930","Steel - Section","kg","0.000000","120","0",,,,
"hs_viaduct","Steel","Construction Compounds (temporary works)","164.270000","Reinforcement steel Steel bar and rod","kg","0.000000","120","0",,,,
"hs_viaduct","Steel","Fencing","60.675250","Steel - Section","kg","0.000000","30","3",,,,
"hs_viaduct","Other","HS_Viaduct",,"no_granular_data","no_granular_data",,,,34,9.52,,
"hs_line_viaduct_bu","Highways","Viaduct Access Tracks and Footpaths","679.940000","Fill, aggregate and sand General mixture","kg","6.470000","30","3",,,,
"hs_line_viaduct_bu","Highways","Concrete kerbing","0.072970","Kerb Pre-cast concrete 125x305mm","m","0.000180","30","3",,,,
"hs_line_viaduct_bu","Highways","Limestone dust","8.413350","Limestone - General","kg","0.000060","30","3",,,,
"hs_line_viaduct_bu","Highways","Kerbing","0.251930","Grasscrete","m2","0.001550","30","3",,,,
"hs_line_viaduct_bu","Highways","Imported fill","1505.040000","Fill, aggregate and sand General mixture","kg","14.310000","30","3",,,,
"hs_line_viaduct_bu","Drainage","Geotextiles","13.459940","Polypropylene (PP)","kg","0.013600","120","0",,,,
"hs_line_viaduct_bu","Drainage","HDPE Ridgidrain Perforated Pipe","12.723740","HDPE - Pipe","kg","0.006440","120","0",,,,
"hs_line_viaduct_bu","Drainage","PVC Drainage Pipes","5.124100","PVC - Pipe","kg","0.003320","120","0",,,,
"hs_line_viaduct_bu","Drainage","UPVC Membrane","3.230390","UPVC - Film","kg","0.002050","120","0",,,,
"hs_line_viaduct_bu","Drainage","Drainage Stone (m3)","1236.610000","Fill, aggregate and sand General mixture","kg","6.710000","120","0",,,,
"hs_line_viaduct_bu","Noise Barriers","Acrylic","59.964390","PMMA - Sheet","kg","0.058610","30","3",,,,
"hs_line_viaduct_bu","Noise Barriers","Rockwool","8.252360","Insulation - Rockwool (Stonewool)","kg","0.002040","30","3",,,,
"hs_line_viaduct_bu","Noise Barriers","Steel Frame","312.951780","Steel - Section","kg","0.163780","30","3",,,,
"hs_line_viaduct_bu","Noise Barriers","Longitudinal Steel Support Beam","156.883530","Steel - Section","kg","0.082100","30","3",,,,
"hs_line_viaduct_bu","Noise Barriers","Vertical Steel Support Columns","369.672110","Steel - Section","kg","0.193460","30","3",,,,
"hs_line_viaduct_bu","Noise Barriers","Vertical Steel Support Columns","10.804960","Steel - Section","kg","0.005650","30","3",,,,
"hs_line_viaduct_bu","Noise Barriers","Absorptive top edge - beam","954.578640","Steel - Section","kg","0.499570","30","3",,,,
"hs_line_viaduct_bu","Noise Barriers","Absorbative top edge - resonator","6.964990","Polypropylene (PP)","kg","0.006420","30","3",,,,
"hs_line_viaduct_bu","Noise Barriers","Steel Cladding on Acrylic Wall","35.057120","Polypropylene (PP)","kg","0.032300","30","3",,,,
"hs_line_viaduct_bu","Noise Barriers","Rubber flab","45.146880","Rubber - General","kg","0.026790","30","3",,,,
"hs_line_viaduct_bu","Other","Temporary works - Viaduct Haul Road Hardstand","56201.780000","Fill, aggregate and sand General mixture","kg","304.940000","120","0",,,,
"hs_line_viaduct_bu","Concrete","Piling","16.090800","Ready mix concrete  25% GGBS replacement - C40/50","m3","0.194440","120","0",,,,
"hs_line_viaduct_bu","Concrete","Pile Caps","3.794070","Ready mix concrete  25% GGBS replacement - C40/50","m3","0.083200","120","0",,,,
"hs_line_viaduct_bu","Concrete","Pier","4.661570","Ready mix concrete  25% GGBS replacement - C40/50","m3","0.050870","120","0",,,,
"hs_line_viaduct_bu","Concrete","Abutments","0.084120","Ready mix concrete  25% GGBS replacement - C40/50","m3","0.002940","120","0",,,,
"hs_line_viaduct_bu","Concrete","Precast Segments","24.452230","Ready mix concrete  25% GGBS replacement - C40/50","m3","0.356320","120","0",,,,
"hs_line_viaduct_bu","Concrete","Equipment","11.565580","Ready mix concrete  25% GGBS replacement - C40/50","m3","0.086820","120","0",,,,
"hs_line_viaduct_bu","Concrete","River Colne Diversion (temporary works)","0.052710","Ready mix concrete  25% GGBS replacement - C40/50","m3","0.000390","120","0",,,,
"hs_line_viaduct_bu","Concrete","Jetty (temporary works)","25.181440","Ready mix concrete  25% GGBS replacement - C40/50","m3","0.231000","120","0",,,,
"hs_line_viaduct_bu","Concrete","Construction Compounds (temporary works)","3.237630","Ready mix concrete  25% GGBS replacement - C40/50","m3","0.029710","120","0",,,,
"hs_line_viaduct_bu","Concrete","Fencing","0.027260","Ready mix concrete  25% GGBS replacement - C40/50","m3","0.000570","30","3",,,,
"hs_line_viaduct_bu","Steel","Piling","2128.100000","Reinforcement steel Steel bar and rod","kg","0.000000","120","0",,,,
"hs_line_viaduct_bu","Steel","Pile Caps","886.820000","Reinforcement steel Steel bar and rod","kg","0.000000","120","0",,,,
"hs_line_viaduct_bu","Steel","Pier","687.790000","Reinforcement steel Steel bar and rod","kg","0.000000","120","0",,,,
"hs_line_viaduct_bu","Steel","Abutments","29.970000","Reinforcement steel Steel bar and rod","kg","0.000000","120","0",,,,
"hs_line_viaduct_bu","Steel","Precast Segments","5448.000000","Reinforcement steel Steel bar and rod","kg","0.000000","120","0",,,,
"hs_line_viaduct_bu","Steel","Equipment","586.820000","Reinforcement steel Steel bar and rod","kg","0.000000","120","0",,,,
"hs_line_viaduct_bu","Steel","Bearings","174.213650","Steel - General - Virgin","kg","0.000000","120","0",,,,
"hs_line_viaduct_bu","Steel","Coffer dams","352.232490","Steel - General - Virgin","kg","0.000000","120","0",,,,
"hs_line_viaduct_bu","Steel","River Colne Diversion (temporary works)","229.228490","Steel - Section","kg","0.000000","120","0",,,,
"hs_line_viaduct_bu","Steel","Jetty (temporary works)","1240.464930","Steel - Section","kg","0.000000","120","0",,,,
"hs_line_viaduct_bu","Steel","Construction Compounds (temporary works)","164.270000","Reinforcement steel Steel bar and rod","kg","0.000000","120","0",,,,
"hs_line_viaduct_bu","Steel","Fencing","60.675250","Steel - Section","kg","0.000000","30","3",,,,
"hs_rail_underpass","Other","HS_Rail_Underpass","1.000000","no_granular_data","no_granular_data","304.500000",,,725,942.5,,
"hs_culvert","other","HS_culvert","1.000000","no_granular_data","no_granular_data",,,,1050,682,,
"hs_culvert_bu","Drainage","Drainage Stone (m3)","38.430000","Fill, aggregate and sand General mixture","m3","0.417030","120","0",,,,
"hs_culvert_bu","Noise barriers","PLEXIGLASS Soundstop XT Glass Noise Barrier","17.000250","Glass - Single Pane, 8mm","m3","12.611120","30","3",,,,
"hs_culvert_bu","Concrete","Package 2 - Culvert","932.000000","Ready mix concrete  25% GGBS replacement - C40/50","m3","14.202220","120","0",,,,
"hs_shaft_bu",,"Shotchrete lining 25-30 cm","28290.000000","Reinforcement steel Steel bar and rod","kg","74.940210",,,,,,
"hs_shaft_bu",,"Shotchrete lining 30-40 cm","84180.000000","Reinforcement steel Steel bar and rod","kg","222.992820",,,,,,
"hs_shaft_bu",,"Crosspassage (Drop 2)","136892.143030","Reinforcement steel Steel bar and rod","kg","362.627290",,,,,,
"hs_shaft_bu",,"Concrete ring 1,00 x 1,00 m","7840.000000","Reinforcement steel Steel bar and rod","kg","0.074560",,,,,,
"hs_shaft_bu",,"M;etal work (Grillagge)","1100.000000","Reinforcement steel Steel bar and rod","kg","0.010460",,,,,,
"hs_shaft_bu",,"Metal work (Grillagge)","3000.000000","Reinforcement steel Steel bar and rod","kg","0.028530",,,,,,
"hs_shaft_bu",,"Reinforcement","116500.000000","Reinforcement steel Steel bar and rod","kg","1.107920",,,,,,
"hs_shaft_bu",,"Contigous piling (Drop 2)","597155.842490","Reinforcement steel Steel bar and rod","kg","5.678950",,,,,,
"hs_shaft_bu",,"Headhouse construction and finishing works (Drop 2)","630000.000000","Reinforcement steel Steel bar and rod","kg","5.991300",,,,,,
"hs_shaft_bu",,"Reinforcement","1044000.000000","Reinforcement steel Steel bar and rod","kg","9.928440",,,,,,
"hs_shaft_bu",,"Temporary TBM launch shaft (Drop 2: 57x49x24 m)","915840.000000","Reinforcement steel Steel bar and rod","kg","8.709640",,,,,,
"hs_shaft_bu",,"Compensation shaft 1 (Drop 2)","206679.600000","Reinforcement steel Steel bar and rod","kg","1.965520",,,,,,
"hs_shaft_bu",,"Compensation shaft 2 (Drop 2)","172725.800000","Reinforcement steel Steel bar and rod","kg","1.642620",,,,,,
"hs_shaft_bu",,"Concrete ring 1,00 x 1,00 m","8.400000","Steel - Section","m3","0.218970",,,,,,
"hs_shaft_bu",,"Formwork for pump sump","1.620000","Steel - Section","m3","0.042230",,,,,,
"hs_shaft_bu",,"Backfill of launch shaft and ground reinstate (Drop 2)","12000.000000","Fill, aggregate and sand Expanded foamed glass","m3","119.088000",,,,,,
"hs_shaft_bu",,"Shotchrete lining 25-30 cm","707.250000","Ready mix concrete  25% GGBS replacement - C40/50","m3","145.128830",,,,,,
"hs_shaft_bu",,"Shotchrete lining 30-40 cm","2104.500000","Ready mix concrete  25% GGBS replacement - C40/50","m3","431.846770",,,,,,
"hs_shaft_bu",,"Crosspassage (Drop 2)","3422.303580","Ready mix concrete  25% GGBS replacement - C40/50","m3","702.262170",,,,,,
"hs_shaft_bu",,"Compensation shaft 1 (Drop 2)","10333.980000","Ready mix concrete  25% GGBS replacement - C40/50","m3","2120.549230",,,,,,
"hs_shaft_bu",,"Compensation shaft 2 (Drop 2)","8636.290000","Ready mix concrete  25% GGBS replacement - C40/50","m3","1772.180530",,,,,,
"hs_shaft_bu",,"Concrete ring 1,00 x 1,00 m","112.000000","Pre-cast Concrete General concrete","m3","2.037450",,,,,,
"hs_shaft_bu",,"First stage concrete","1120.000000","Pre-cast Concrete General concrete","m3","20.374480",,,,,,
"hs_shaft_bu",,"Invert concrete","3200.000000","Pre-cast Concrete General concrete","m3","58.212800",,,,,,
"hs_shaft_bu",,"Contigous piling (Drop 2)","4976.298690","Pre-cast Concrete General concrete","m3","176.511800",,,,,,
"hs_shaft_bu",,"Headhouse construction and finishing works (Drop 2)","6300.000000","Pre-cast Concrete General concrete","m3","114.606450",,,,,,
"hs_shaft_bu",,"Pile concrete","7515.000000","Pre-cast Concrete General concrete","m3","266.560810",,,,,,
"hs_shaft_bu",,"Pile drilling 2100  mm - 2400 mm","61072.561190","Pre-cast Concrete General concrete","m3","2166.274280",,,,,,
"hs_shaft_bu",,"Temporary TBM launch shaft (Drop 2: 57x49x24 m)","7632.000000","Pre-cast Concrete General concrete","m3","138.837530",,,,,,
"hs_shaft_bu",,"Gravel layer 30 cm","2879100.000000","Fill, aggregate and sand General mixture","kg","7.826830",,,,,,
"hs_track","Other","HS_Track_double","1.000000","no_granular_data","no_granular_data","1060.000000",,,1416,64,,
"hs_mitigation_earthworks","Other","HS_mitigation_earthworks","0.001000","no_granular_data","asset_unit",,,,,,,
"hs_retained_cutting_bu",,"Barretes for west retaining wall (Drop 2)","2798402.197570","Reinforcement steel Steel bar and rod","kg","13.306400",,,,,,
"hs_retained_cutting_bu",,"Base slab (Drop 2)","1800000.000000","Reinforcement steel Steel bar and rod","kg","8.559000",,,,,,
"hs_retained_cutting_bu",,"Contiguous piling for east dividing wall (Drop 2)","2633754.201140","Reinforcement steel Steel bar and rod","kg","12.523500",,,,,,
"hs_retained_cutting_bu",,"Tension piles for base slab uplift (Drop 2)","15064581.056450","Reinforcement steel Steel bar and rod","kg","71.632080",,,,,,
"hs_retained_cutting_bu",,"Barretes for west retaining wall (Drop 2)","23320.018310","Pre-cast Concrete General concrete","m3","212.113060",,,,,,
"hs_retained_cutting_bu",,"Base slab (Drop 2)","15000.000000","Pre-cast Concrete General concrete","m3","136.436250",,,,,,
"hs_retained_cutting_bu",,"Contiguous piling for east dividing wall (Drop 2)","21947.951680","Pre-cast Concrete General concrete","m3","389.252410",,,,,,
"hs_retained_cutting_bu",,"Tension piles for base slab uplift (Drop 2)","125538.175470","Pre-cast Concrete General concrete","m3","2226.450930",,,,,,
"hs_underbridge_bu",,"Acoustic Barrier","4588.800000","Timber - Wood I-Beam - Exc. CS","kg","0.694860",,,,,,
"hs_underbridge_bu",,"Formwork for plane","11303.884800","Timber - Wood I-Beam - Exc. CS","kg","0.937340",,,,,,
"hs_underbridge_bu",,"Formwork (for Wailings)","60955.200000","Timber - Wood I-Beam - Exc. CS","kg","2.296050",,,,,,
"hs_underbridge_bu",,"Gate in Accoustic Barrier","128.000000","Timber - Wood I-Beam - Exc. CS","kg","0.009690",,,,,,
"hs_underbridge_bu",,"Protection Barrier","710.400000","Timber - Wood I-Beam - Exc. CS","kg","0.053790",,,,,,
"hs_underbridge_bu",,"Internal Site Moves","3107.142860","Steel - Section","kg","0.079490",,,,,,
"hs_underbridge_bu",,"Mobilisation (Installation &Extraction)","7578.571430","Steel - Section","kg","0.193890",,,,,,
"hs_underbridge_bu",,"Sheet piles","41580.000000","Steel - Section","kg","1.063760",,,,,,
"hs_underbridge_bu",,"Reinforcement Steel and bar rod","318500.000000","Reinforcement steel Steel bar and rod","kg","5.297860",,,,,,
"hs_underbridge_bu",,"Reinforcement Steel and bar rod","257350.000000","Reinforcement steel Steel bar and rod","kg","2.447400",,,,,,
"hs_underbridge_bu",,"Drainage - Access Road","12.960000","Reinforcement steel Steel bar and rod","kg","0.004380",,,,,,
"hs_underbridge_bu",,"Manholes","7.200000","Plastic - General","kg","0.002430",,,,,,
"hs_underbridge_bu",,"Formwork for plane","21935.500000","Plastic - General","kg","0.444170",,,,,,
"hs_underbridge_bu",,"Formwork (for Wailings)","118275.000000","Lubricants","kg","2.394940",,,,,,
"hs_underbridge_bu",,"Bridge Beams - 20m Long","296.266670","Lubricants","m3","1.142730",,,,,,
"hs_underbridge_bu",,"Blinding - Provision & Placing","54.000000","Pre-cast Concrete General concrete","m3","0.982340",,,,,,
"hs_underbridge_bu",,"Concrete (for Wailings)","1694.250000","Pre-cast Concrete General concrete","m3","22.699960",,,,,,
"hs_underbridge_bu",,"Piling Mat","2413400.000000","Fill, aggregate and sand General mixture","kg","6.560830",,,,,,
"hs_tunnel_portal_bu","Highways","Footpaths and access roads","159720.000000","Fill, aggregate and sand General mixture","kg","1518.870000","30","3",,,,
"hs_tunnel_portal_bu","Highways","Footpaths and access roads","211.500000","Fill, aggregate and sand General mixture","m3","13.551570","30","3",,,,
"hs_tunnel_portal_bu","Highways","Asphalt Access Road","82.810000","Asphalt  General Asphalt","m3","2.975660","30","3",,,,
"hs_tunnel_portal_bu","Highways","Pavement sub-base","352.500000","Geotextiles Polypropylene geotextile / matting","m3","56.996990","30","3",,,,
"hs_tunnel_portal_bu","Highways","Concrete kerbing","124.001250","Kerb Pre-cast concrete 125x305mm","m3","7.945210","30","3",,,,
"hs_tunnel_portal_bu","Highways","Sand base for concrete kerbing","70.500000","Sand - General","m3","0.320160","30","3",,,,
"hs_tunnel_portal_bu","Other","UPVC Sheet Linings Membrane","2.854560","UPVC - Film","m3","1.798530","30","3",,,,
"hs_tunnel_portal_bu","Other","Portal Building Aluminium Cladding","1.182350","Aluminium - General","m3","4.285370","30","3",,,,
"hs_tunnel_portal_bu","Other","Headwall filling recycled aggregate","19836.820000","Aggregates and Sand - Recycled - Without Heat Treatment","m3","517.122090","120","0",,,,
"hs_tunnel_portal_bu","Other","Portal Building Insulation","192.260000","Insulation - Rockwool (Stonewool)","m3","12.353860","30","3",,,,
"hs_tunnel_portal_bu","Concrete","Package 2 - Portal South","30800.000000","Ready mix concrete  25% GGBS replacement - C40/50","m3","469.343850","120","0",,,,
"hs_tunnel_portal_bu","Concrete","Package 2 - Fencing","3.322230","Ready mix concrete  25% GGBS replacement - C40/50","m3","0.050630","30","3",,,,
"hs_overbridge_bu",,"Fencing - Timber post & rails","178000.000000","Timber - Wood I-Beam - Exc. CS","kg","290.000000",,,,,,
"hs_overbridge_bu",,"Formwork plane horizontal Width: >1.22m","8298.720000","Timber - Wood I-Beam - Exc. CS","kg","312.594530",,,,,,
"hs_overbridge_bu",,"Formwork (for Wailings)","49400.640000","Timber - Wood I-Beam - Exc. CS","kg","1860.813430",,,,,,
"hs_overbridge_bu",,"Vehicle Barrier","1305.600000","Timber - Wood I-Beam - Exc. CS","kg","98.849950",,,,,,
"hs_overbridge_bu",,"Formwork plane horizontal Width: >1.22m","22472.640000","Timber - Wood I-Beam - Exc. CS","kg","846.494910",,,,,,
"hs_overbridge_bu",,"Formwork (for Wailings)","50869.440000","Timber - Wood I-Beam - Exc. CS","kg","1916.139890",,,,,,
"hs_overbridge_bu",,"Reinforcement","207500.000000","Reinforcement steel Steel bar and rod","kg","5308.555500",,,,,,
"hs_overbridge_bu",,"Reinforcement","200000.000000","Reinforcement steel Steel bar and rod","kg","5116.680000",,,,,,
"hs_overbridge_bu",,"Reinforcement","167660.000000","Reinforcement steel Steel bar and rod","kg","1594.446600",,,,,,
"hs_overbridge_bu",,"dia 750mm","14899.200000","Reinforcement steel Steel bar and rod","kg","141.691390",,,,,,
"hs_overbridge_bu",,"Reinforcement","161600.000000","Reinforcement steel Steel bar and rod","kg","1536.816000",,,,,,
"hs_overbridge_bu",,"Formwork Width: >1.22m","16102.500000","Lubricants","kg","326.057910",,,,,,
"hs_overbridge_bu",,"Formwork (for Wailings)","95855.000000","Lubricants","kg","1940.958310",,,,,,
"hs_overbridge_bu",,"Formwork Width: >1.22m","43605.000000","Lubricants","kg","882.953280",,,,,,
"hs_overbridge_bu",,"Formwork (for Wailings)","98705.000000","Lubricants","kg","1998.667670",,,,,,
"hs_overbridge_bu",,"Bridge Beams","640.000000","Pre-cast Concrete General concrete","m3","2468.543360",,,,,,
"hs_overbridge_bu",,"Blinding - Provision & Placing","22.920000","Pre-cast Concrete General concrete","m3","416.949180",,,,,,
"hs_overbridge_bu",,"Concrete (for Wailings)","1093.000000","Pre-cast Concrete General concrete","m3","19883.309500",,,,,,
"hs_overbridge_bu",,"Blinding - Provision & Placing","13.200000","Pre-cast Concrete General concrete","m3","240.127800",,,,,,
"hs_overbridge_bu",,"Concrete (for Wailings)","1049.000000","Pre-cast Concrete General concrete","m3","19082.883500",,,,,,
"hs_overbridge_bu",,"dia 750mm","124.160000","Pre-cast Concrete General concrete","m3","2258.656640",,,,,,
"hs_overbridge_bu",,"Piling Mat","1265000.000000","Fill, aggregate and sand General mixture","kg","3438.902500",,,,,,
"hs_overbridge_bu",,"Piling Mat","715000.000000","Fill, aggregate and sand General mixture","kg","1943.727500",,,,,,
"hs_mined_tunnel_bu",,"Waterproofing","1231.194030","Ready mix concrete  25% GGBS replacement - C40/50","m2","0.921670",,,,,,
"hs_mined_tunnel_bu",,"Waterproofing","1260.298510","Ready mix concrete  25% GGBS replacement - C40/50","m2","0.943460",,,,,,
"hs_mined_tunnel_bu",,"Formwork plane horizontal Width: >1.22m","584.597010","Timber - Wood I-Beam - Exc. CS","kg","0.044040",,,,,,
"hs_mined_tunnel_bu",,"Formwork (for Wailings)","3507.582090","Timber - Wood I-Beam - Exc. CS","kg","0.528490",,,,,,
"hs_mined_tunnel_bu",,"Tunelling sliding formwork","29850.746270","Steel - Section","kg","0.763730",,,,,,
"hs_mined_tunnel_bu",,"Sheet piles","8258.208960","Reinforcement steel Steel bar and rod","kg","0.422550",,,,,,
"hs_mined_tunnel_bu",,"SCL Lining (assumed 500mm thick)","5785.074630","Reinforcement steel Steel bar and rod","kg","15.324660",,,,,,
"hs_mined_tunnel_bu",,"SCL","28292.537310","Reinforcement steel Steel bar and rod","kg","74.946930",,,,,,
"hs_mined_tunnel_bu",,"SCL - Material(250mm Thick Secondary &Final)","5976.119400","Reinforcement steel Steel bar and rod","kg","15.830740",,,,,,
"hs_mined_tunnel_bu",,"SCL","29932.835820","Reinforcement steel Steel bar and rod","kg","79.292080",,,,,,
"hs_mined_tunnel_bu",,"SCL - Material(250mm Thick Secondary &Final)","5968.656720","Reinforcement steel Steel bar and rod","kg","15.810970",,,,,,
"hs_mined_tunnel_bu",,"Reinforcement with steel bars","15671.641790","Reinforcement steel Steel bar and rod","kg","0.801870",,,,,,
"hs_mined_tunnel_bu",,"Reinforcement with steel bars","12662.686570","Reinforcement steel Steel bar and rod","kg","0.120420",,,,,,
"hs_mined_tunnel_bu",,"SCL Lining (assumed 500mm thick)","289.253730","Polypropylene (PP)","kg","0.089430",,,,,,
"hs_mined_tunnel_bu",,"Formwork plane horizontal Width: >1.22m","1134.328360","Lubricants","kg","0.045940",,,,,,
"hs_mined_tunnel_bu",,"Formwork (for Wailings)","6805.970150","Lubricants","kg","0.551250",,,,,,
"hs_mined_tunnel_bu",,"SCL Plant (see Buildup Spreadsheet forDetail)","48507.462690","Gas Oil","l","173.850750",,,,,,
"hs_mined_tunnel_bu",,"Tunnelling emissions","186567.164180","Electricity","kwh","57.089550",,,,,,
"hs_mined_tunnel_bu",,"SCL Lining (assumed 500mm thick)","144.626870","Ready mix concrete  25% GGBS replacement - C40/50","m3","29.677660",,,,,,
"hs_mined_tunnel_bu",,"SCL","808.358210","Ready mix concrete  25% GGBS replacement - C40/50","m3","414.690990",,,,,,
"hs_mined_tunnel_bu",,"SCL","855.223880","Ready mix concrete  25% GGBS replacement - C40/50","m3","438.733270",,,,,,
"hs_mined_tunnel_bu",,"Concrete (for Wailings)","103.283580","Ready mix concrete  25% GGBS replacement - C40/50","m3","1.878880",,,,,,
"hs_mined_tunnel_bu",,"Mass Fill Concrete","46.343280","Ready mix concrete  25% GGBS replacement - C40/50","m3","0.843050",,,,,,
"hs_mined_tunnel_bu",,"SlipForm Concrete","40.597010","Pre-cast Concrete General concrete","m3","0.738520",,,,,,
"hs_mined_tunnel_bu",,"SCL - Material(250mm Thick Secondary &Final)","335.820900","Pre-cast Concrete General concrete","m3","6.109090",,,,,,
"hs_mined_tunnel_bu",,"Additional mass concrte: 1st stage for inverts & walkways","744.850750","Pre-cast Concrete General concrete","m3","13.549950",,,,,,
"hs_mined_tunnel_bu",,"Mass Fill Concrete","46.343280","Pre-cast Concrete General concrete","m3","0.843050",,,,,,
"hs_mined_tunnel_bu",,"SlipForm Concrete","40.597010","Pre-cast Concrete General concrete","m3","0.738520",,,,,,
"hs_mined_tunnel_bu",,"SCL - Material(250mm Thick Secondary &Final)","335.820900","Pre-cast Concrete General concrete","m3","6.109090",,,,,,
"hs_boxstructure_bu",,"Blockwork Walls","108610.560000","Timber - Wood I-Beam - Exc. CS","kg","8.223150",,,,,,
"hs_boxstructure_bu",,"External - Double","12480.000000","Timber - Wood I-Beam - Exc. CS","kg","0.944890",,,,,,
"hs_boxstructure_bu",,"Floor Finishes","8163.840000","Timber - Wood I-Beam - Exc. CS","kg","0.618100",,,,,,
"hs_boxstructure_bu",,"Formwork - Vertical","338876.640000","Timber - Wood I-Beam - Exc. CS","kg","12.764740",,,,,,
"hs_boxstructure_bu",,"Internal - Double","9216.000000","Timber - Wood I-Beam - Exc. CS","kg","0.697760",,,,,,
"hs_boxstructure_bu",,"Suspended ceilings","12245.760000","Timber - Wood I-Beam - Exc. CS","kg","0.230640",,,,,,
"hs_boxstructure_bu",,"Cladding","9358.660000","Steel - Section","kg","0.239430",,,,,,
"hs_boxstructure_bu",,"HD Bolts(assumed in 4nr bolts perassembly)","4293.333330","Steel - Section","kg","0.219680",,,,,,
"hs_boxstructure_bu",,"Structural Steel - Headhouse","784000.000000","Steel - Section","kg","40.114770",,,,,,
"hs_boxstructure_bu",,"Reinforcement ;Dfrmd h. y. stl bars  ;-all dia","4317130.000000","Reinforcement steel Steel bar and rod","kg","110.446860",,,,,,
"hs_boxstructure_bu",,"Diaphragm Wall","5998692.540700","Reinforcement steel Steel bar and rod","kg","57.047570",,,,,,
"hs_boxstructure_bu",,"Reinforcement ;Dfrmd h. y. stl bars  ;-all dia","3488240.000000","Reinforcement steel Steel bar and rod","kg","33.173160",,,,,,
"hs_boxstructure_bu",,"Zublin Price","3144443.436000","Reinforcement steel Steel bar and rod","kg","29.903660",,,,,,
"hs_boxstructure_bu",,"Drainage - Access Road","54.000000","Plastic - General","kg","0.018240",,,,,,
"hs_boxstructure_bu",,"Gulleys","10.512000","Plastic - General","kg","0.003550",,,,,,
"hs_boxstructure_bu",,"Manholes","14.400000","Plastic - General","kg","0.004870",,,,,,
"hs_boxstructure_bu",,"Formwork (for Wailings)","1315104.000000","Lubricants","kg","26.629410",,,,,,
"hs_boxstructure_bu",,"PCC Stairs - 1.6m wide x 1.5 high","150.909900","Pre-cast Concrete General concrete","m3","0.582070",,,,,,
"hs_boxstructure_bu",,"Roofing","97.530000","Pre-cast Concrete General concrete","m3","0.376180",,,,,,
"hs_boxstructure_bu",,"Blinding - Provision & Placing","1208.400000","Pre-cast Concrete General concrete","m3","21.982610",,,,,,
"hs_boxstructure_bu",,"Concrete (for Wailings)","23121.700000","Pre-cast Concrete General concrete","m3","420.618410",,,,,,
"hs_boxstructure_bu",,"Diaphragm Wall","49989.104510","Pre-cast Concrete General concrete","m3","2700.986300",,,,,,
"hs_boxstructure_bu",,"Zublin Price","26203.695300","Pre-cast Concrete General concrete","m3","476.684520",,,,,,
"hs_boxstructure_bu",,"Gravel fill to Piles","24847200.000000","Fill, aggregate and sand General mixture","kg","67.547110",,,,,,
"hs_boxstructure_bu",,"Piling Mat","8500800.000000","Fill, aggregate and sand General mixture","kg","23.109420",,,,,,
"hs_bored_tunnel_bu",,"TBM assembly cradles & launch frames; 8x","555555.555560","Steel - Section","kg","0.014210",,,,,,
"hs_bored_tunnel_bu",,"Drainage access chamber 1200 x 600 mm (only material) (Drop 2: 300 no => 306 no)","34549.312500","Steel - Section","kg","0.002650",,,,,,
"hs_bored_tunnel_bu",,"Precast segment production (Tubbing) with  steel Segments (CP openings) for S1 - SUB","234673.611110","Reinforcement steel Steel bar and rod","kg","0.006220",,,,,,
"hs_bored_tunnel_bu",,"Reinforcement invert concrete (Steel fibres)","277.777780","Reinforcement steel Steel bar and rod","kg","0.000010",,,,,,
"hs_bored_tunnel_bu",,"Reinforcement lining concrete (Steel fibres)","305.555560","Reinforcement steel Steel bar and rod","kg","0.000010",,,,,,
"hs_bored_tunnel_bu",,"Sprayed SFR-shotcrete 75 mm face support","165.312500","Reinforcement steel Steel bar and rod","kg","0.000440",,,,,,
"hs_bored_tunnel_bu",,"Sprayed SFR-shotcrete primary lining 300 mm","948.750000","Reinforcement steel Steel bar and rod","kg","0.002510",,,,,,
"hs_bored_tunnel_bu",,"SCL - Cross passages 2 - 23 (Lumpsums)","16252.500000","Reinforcement steel Steel bar and rod","kg","0.043050",,,,,,
"hs_bored_tunnel_bu",,"Additional steel fibre reinforcement in segments","445222.222220","Reinforcement steel Steel bar and rod","kg","0.011390",,,,,,
"hs_bored_tunnel_bu",,"Segment storage area - strip foundation - ON SITE","18125.000000","Reinforcement steel Steel bar and rod","kg","0.000170",,,,,,
"hs_bored_tunnel_bu",,"Segment storage pads - ON SITE","14905.555560","Reinforcement steel Steel bar and rod","kg","0.000140",,,,,,
"hs_bored_tunnel_bu",,"Horizontal joints incl. shear reinforcement","305.555560","Reinforcement steel Steel bar and rod","kg","0.000000",,,,,,
"hs_bored_tunnel_bu",,"Reinforcement openings","656.944440","Reinforcement steel Steel bar and rod","kg","0.000010",,,,,,
"hs_bored_tunnel_bu",,"Reinforcement (Drop 2: 1200 m³ => 1225 m³)","357291.666670","Reinforcement steel Steel bar and rod","kg","0.003400",,,,,,
"hs_bored_tunnel_bu",,"Additional rebar to PCC segments - S1","365833.333330","Reinforcement steel Steel bar and rod","kg","0.003480",,,,,,
"hs_bored_tunnel_bu",,"Concrete lining","20.258330","Polypropylene (PP)","kg","0.000000",,,,,,
"hs_bored_tunnel_bu",,"In-situ concrete at opening areas","7.083330","Polypropylene (PP)","kg","0.000000",,,,,,
"hs_bored_tunnel_bu",,"Inver concrete C25/30","14.166670","Polypropylene (PP)","kg","0.000000",,,,,,
"hs_bored_tunnel_bu",,"Invert drainage system 100 mm","4.216670","Polypropylene (PP)","kg","0.000000",,,,,,
"hs_bored_tunnel_bu",,"Cable protection pipe DN 100 mm (only material) (Drop 2: 1800 m => 1835 m)","337.053820","Polypropylene (PP)","kg","0.000050",,,,,,
"hs_bored_tunnel_bu",,"Collector drainage pipe DN 100 mm (only material) (Drop 2: 1800 m => 1835 m)","337.053820","Polypropylene (PP)","kg","0.000050",,,,,,
"hs_bored_tunnel_bu",,"Invert drainage pipe DN 250 mm (only material) (Drop 2: 14.580 m => 14.860 m)","5735.891200","Polypropylene (PP)","kg","0.000890",,,,,,
"hs_bored_tunnel_bu",,"SCL - Cross passages 2 - 23 (Lumpsums)","1.672580","Polypropylene (PP)","kg","0.000000",,,,,,
"hs_bored_tunnel_bu",,"Formwork work (Drop 2: 29.200 m³ => 29.800 m³)","393194.444440","Lubricants","kg","0.007960",,,,,,
"hs_bored_tunnel_bu",,"TBM 1 Excavation (Drop 2: 7290 m => 7470 m)","25687.462500","Lubricants","kg","0.001560",,,,,,
"hs_bored_tunnel_bu",,"TBM 2 Excavation (Drop 2: 7290 m => 7390 m)","25412.362500","Lubricants","kg","0.001540",,,,,,
"hs_bored_tunnel_bu",,"TBM 1 Excavation (Drop 2: 7290 m => 7470 m)","111.012500","Lubricants","m3","0.000280",,,,,,
"hs_bored_tunnel_bu",,"TBM 2 Excavation (Drop 2: 7290 m => 7390 m)","109.823610","Lubricants","m3","0.000280",,,,,,
"hs_bored_tunnel_bu",,"Tunelling","416666.666670","Lubricants","l","1.493330",,,,,,
"hs_bored_tunnel_bu",,"Segment storage area - strip foundation - ON SITE","3.625000","Gas Oil","m3","0.000050",,,,,,
"hs_bored_tunnel_bu",,"Formwork","0.125000","Gas Oil","m3","0.000000",,,,,,
"hs_bored_tunnel_bu",,"Formwork invert concrete","0.083330","Pre-cast Concrete General concrete","m3","0.000000",,,,,,
"hs_bored_tunnel_bu",,"Formwork Concrete lining","234.375000","Pre-cast Concrete General concrete","m3","0.003050",,,,,,
"hs_bored_tunnel_bu",,"Formwork investment maintenance and escape walkway","10.000000","Pre-cast Concrete General concrete","m3","0.000130",,,,,,
"hs_bored_tunnel_bu",,"Tunelling","9027777.777780","Electricity","kwh","2.762500",,,,,,
"hs_bored_tunnel_bu",,"Sprayed concrete under waterproofing 3 cm","1.125000","Ready mix concrete  25% GGBS replacement - C40/50","m3","0.000230",,,,,,
"hs_bored_tunnel_bu",,"Sprayed SFR-shotcrete 75 mm face support","3.593750","Ready mix concrete  25% GGBS replacement - C40/50","m3","0.000740",,,,,,
"hs_bored_tunnel_bu",,"Sprayed SFR-shotcrete primary lining 300 mm","13.750000","Ready mix concrete  25% GGBS replacement - C40/50","m3","0.002820",,,,,,
"hs_bored_tunnel_bu",,"SCL - Cross passages 2 - 23 (Lumpsums)","406.312500","Ready mix concrete  25% GGBS replacement - C40/50","m3","0.083380",,,,,,
"hs_bored_tunnel_bu",,"Precast Segment production (Tubbing) Type for S1 - SUB (Drop 2: 14.345 m => 14.625 m)","17636.029170","Pre-cast Concrete General concrete","m3","0.068020",,,,,,
"hs_bored_tunnel_bu",,"Precast segment production (Tubbing) with  steel Segments (CP openings) for S1 - SUB","172.863890","Pre-cast Concrete General concrete","m3","0.000670",,,,,,
"hs_bored_tunnel_bu",,"Segment storage area - strip foundation - ON SITE","100.694440","Pre-cast Concrete General concrete","m3","0.001830",,,,,,
"hs_bored_tunnel_bu",,"Segment storage pads - ON SITE","52.777780","Pre-cast Concrete General concrete","m3","0.000960",,,,,,
"hs_bored_tunnel_bu",,"Concrete lining","7.638890","Pre-cast Concrete General concrete","m3","0.000140",,,,,,
"hs_bored_tunnel_bu",,"In-situ concrete at opening areas","3.472220","Pre-cast Concrete General concrete","m3","0.000060",,,,,,
"hs_bored_tunnel_bu",,"Inver concrete C25/30","6.944440","Pre-cast Concrete General concrete","m3","0.000100",,,,,,
"hs_bored_tunnel_bu",,"Concrete for escape walkway (Drop 2: 16.800 m³ => 17.125 m³)","2378.472220","Pre-cast Concrete General concrete","m3","0.034590",,,,,,
"hs_bored_tunnel_bu",,"Concrete for maintenance walkway (Drop 2: 5900 m³ => 6015 m³)","835.416670","Pre-cast Concrete General concrete","m3","0.012150",,,,,,
"hs_bored_tunnel_bu",,"First stage concrete (only material) (Drop 2: 16.200 m³ => 16.500 m³)","2291.666670","Pre-cast Concrete General concrete","m3","0.033320",,,,,,
"hs_bored_tunnel_bu",,"Additional mass concrte: 1st stage for inverts & walkways","2961.944440","Pre-cast Concrete General concrete","m3","0.043070",,,,,,
"hs_bored_tunnel_bu",,"TBM 1 Excavation (Drop 2: 7290 m => 7470 m)","4772.209720","Cement - CEM II-A-S - Portland-Slag- 13% GGBS","m3","0.102310",,,,,,
"hs_bored_tunnel_bu",,"TBM 2 Excavation (Drop 2: 7290 m => 7390 m)","4710.668060","Cement - CEM II-A-S - Portland-Slag- 13% GGBS","m3","0.100990",,,,,,
"hs_bored_tunnel_bu",,"TBM 1 Excavation (Drop 2: 7290 m => 7470 m)","87201.875000","Stone, Sand And Clay, Other Minerals","kg","0.004350",,,,,,
"hs_bored_tunnel_bu",,"TBM 2 Excavation (Drop 2: 7290 m => 7390 m)","86267.986110","Stone, Sand And Clay, Other Minerals","kg","0.004300",,,,,,
"hs_cutting_bu","Highways","Concrete kerbing","11.672540","Kerb Pre-cast concrete 125x305mm","m3","0.747900","30","3",,,,
"hs_cutting_bu","Highways","Access Track","4971769.010000","Fill, aggregate and sand General mixture","kg","47279.530000","30","3",,,,
"hs_cutting_bu","Highways","Asphalt Access Road","2710.262820","Asphalt  General Asphalt","m3","97.389500","30","3",,,,
"hs_cutting_bu","Highways","Footpath limestone dust","8.582070","Limestone - General","m3","0.129880","30","3",,,,
"hs_cutting_bu","Drainage","Precast concrete manholes, headwalls and gulleys","191.649340","Pre-cast Concrete General concrete","m3","12.279660","120","0",,,,
"hs_cutting_bu","Drainage","Geotextiles","39.380280","Geotextiles Polypropylene geotextile / matting","m3","6.367540","120","0",,,,
"hs_cutting_bu","Drainage","UPVC Membrane","32.957750","UPVC - Film","m3","0.000000",,,,,,
"hs_cutting_bu","Drainage","HDPE Ridgidrain Perforated Pipe","834.487920","Plastic pipework (HDPE) 150mm diameter","m3","405.706000","120","0",,,,
"hs_cutting_bu","Drainage","Drainage material","12950.354540","Fill, aggregate and sand General mixture","m3","140.532070","120","0",,,,
"hs_cutting_bu","Other","Subgrade and protection layer","7673.239440","Fill, aggregate and sand General mixture","m3","83.266930","120","0",,,,
"hs_embankment_bu","Highways","Access Road","162678.660000","Fill, aggregate and sand General mixture","kg","1853.470000","30","3",,,,
"hs_embankment_bu","Highways","Asphalt access track","21.916620","Asphalt  General Asphalt","m3","1.156420","30","3",,,,
"hs_embankment_bu","Highways","Grasscrete","28.053800","Grasscrete","m3","0.704470","30","3",,,,
"hs_embankment_bu","Drainage","HDPE Ridgidrain Perforated Pipe","2.987900","Plastic pipework (HDPE) 150mm diameter","m3","1.500050","120","0",,,,
"hs_embankment_bu","Drainage","PVC Drainage Pipes","38.031560","Plastic pipework (PVC) 150mm diameter","m3","0.437160","120","0",,,,
"hs_embankment_bu","Drainage","Drainage Stone (m3)","0.695590","Fill, aggregate and sand General mixture","m3","0.058100","120","0",,,,
"hs_embankment_bu","Drainage","Precast concrete gulleys","151.257400","Pre-cast Concrete General concrete","m3","1.887390","120","0",,,,
"hs_embankment_bu","Drainage","Drainage Ditches (Rubble ditch lining)","0.551020","Fill, aggregate and sand General mixture","m3","0.139000","30","3",,,,
"hs_embankment_bu","Noise barriers","Rockwool","20896.170000","Insulation - Rockwool (Stonewool)","kg","11153.690000","30","3",,,,
"hs_embankment_bu","Noise barriers","Steel Frame","3127.610000","Steel - Section","kg","1673.280000","30","3",,,,
"hs_embankment_bu","Noise barriers","Vertical Steel Support Columns","83092.210000","Steel - Section","kg","8077.870000","30","3",,,,
"hs_embankment_bu","Other","Protection layer to top of embankment","899.552270","Asphalt  General Asphalt","m3","19.223320","120","0",,,,
"hs_embankment_bu","Other","Abutment, Subgrade and Protection Layer","884.812620","Fill, aggregate and sand General mixture","m3","9.520340","120","0",,,,
"hs_embankment_bu","Concrete","Kerbside concrete","10.286980","Ready mix concrete  25% GGBS replacement - C40/50","m3","0.001100","120","0",,,,
"hs_embankment_bu","Concrete","Noise barrier concrete","247.929980","Ready mix concrete  25% GGBS replacement - C40/50","m3","0.034060","120","3",,,,
"hs_embankment_bu","Concrete","Piling","20.894950","Ready mix concrete  25% GGBS replacement - C40/50","m3","0.002030","120","0",,,,
"hs_embankment_bu","Concrete","Fencing","9.592640","Ready mix concrete  25% GGBS replacement - C40/50","m3","0.000910","120","3",,,,
"hs_ole","Other","HS_OLE","0.001000","no_granular_data","asset_unit","0.008000",,,0.172,0.002,,
"rail_building","Other","RAIL_building","0.000001","no_granular_data","asset_unit",,,,,,,
"rail_underpass_footpath","Other","RAIL_underpass_footpath","1.000000","no_granular_data","no_granular_data","134.500000",,,970,348,29.5,14
"rail_ub","Other","RAIL_UB","1.000000","no_granular_data","no_granular_data","6.000000",,,30,14,,
"rail_ob_rail","Other","RAIL_OB_rail","1.000000","no_granular_data","no_granular_data",,,,1440,720,,
"rail_green_bridge","Other","RAIL_Green_bridge","1.000000","no_granular_data","no_granular_data","79.000000",,,610,153,,
"rail_ob_typical","Other","RAIL_OB_typical","1.000000","no_granular_data","no_granular_data",,,,,,,
"rail_ob_flyover_road","Other","RAIL_OB_flyover_road","1.000000","no_granular_data","no_granular_data","2064.000000",,,12140,5099,,
"rail_ob_b_road","Other","RAIL_OB_B_road","1.000000","no_granular_data","no_granular_data","148.000000",,,870,365,,
"rail_ob_a_road","Other","RAIL_OB_A_road","1.000000","no_granular_data","no_granular_data","336.000000",,,1975,830,,
"rail_ob_bridleway","Other","RAIL_OB_bridleway","1.000000","no_granular_data","no_granular_data","128.000000",,,750,315,,
"rail_ob_footpath","Other","RAIL_OB_footpath","1.000000","no_granular_data","no_granular_data","104.000000",,,610,256,,
"cycle_lane_painted","Membrane","Geotextile membrane","0.005000","Geotextiles Polypropylene geotextile / matting","m3",,,,,,,
"cycle_lane_painted","Steel","Spiral Steel supporting spike","0.628000","Steel - Section","kg",,,,,,,
"cycle_lane_painted","Crushed gravel","Type 1 Sub Base","0.225000","Stone - Gravel/Chippings","m3",,,,,,,
"cycle_lane_painted","Sub-base","Type 1 Sub-Base Compacted Backfill","0.750000","Stone - Gravel/Chippings","m3",,,,,,,
"cycle_lane_painted","Sand","Sharp Sand Bedding layer","0.025000","Stone, Sand And Clay, Other Minerals","m3",,,,,,,
"cycle_lane_painted","Top soil","Firmground 45 Ground","0.500000","Rubber - General","m3",,,,,,,
"cycle_lane_painted","Dense bider","Dense Binder course","0.100000","Bitumen - General - Upper","m3",,,,,,,
"cycle_lane_painted","Surface course","Surface course","0.030000","Asphalt - 4% Bitumen Binder","m3",,,,,,,
"cycle_lane_painted","Paint colour surface","Eurovia Creabond Paints","0.002000","Paint - General","m3",,,,,,,
"cycle_lane_painted","Geogrid","Tensar Triax geogrid Laid","78.500000","Steel - Section","kg",,,,,,,
"cycle_lane_painted","Steel","High steel edging","37.680000","Steel - Section","kg",,,,,,,
"cycle_lane_painted","Concrete","Concrete kerbing to seggregate","0.400000","Kerb Pre-cast concrete 125x150mm","m3",,,,,,,
"cycle_lane_stepped","Membrane","Geotextile membrane","0.005000","Geotextiles Polypropylene geotextile / matting","m3",,,,,,,
"cycle_lane_stepped","Steel","Spiral Steel supporting spike","0.628000","Steel - Section","kg",,,,,,,
"cycle_lane_stepped","Crushed gravel","Type 1 Sub Base","0.225000","Stone - Gravel/Chippings","m3",,,,,,,
"cycle_lane_stepped","Sub-base","Type 1 Sub-Base Compacted Backfill","0.750000","Stone - Gravel/Chippings","m3",,,,,,,
"cycle_lane_stepped","Sand","Sharp Sand Bedding layer","0.025000","Stone, Sand And Clay, Other Minerals","m3",,,,,,,
"cycle_lane_stepped","Concrete","Stepped concrete layer","0.750000","Ready mix concrete  25% GGBS replacement - C40/50","m3",,,,,,,
"cycle_lane_stepped","Top soil","Firmground 45 Ground","0.500000","Rubber - General","m3",,,,,,,
"cycle_lane_stepped","Dense bider","Dense Binder course","0.100000","Bitumen - General - Upper","m3",,,,,,,
"cycle_lane_stepped","Surface course","Surface course","0.030000","Asphalt - 4% Bitumen Binder","m3",,,,,,,
"cycle_lane_stepped","Paint colour surface","Eurovia Creabond Paints","0.002000","Paint - General","m3",,,,,,,
"cycle_lane_stepped","Geogrid","Tensar Triax geogrid Laid","78.500000","Steel - Section","kg",,,,,,,
"cycle_lane_stepped","Steel","High steel edging","37.680000","Steel - Section","kg",,,,,,,
"cycle_lane_stepped","Concrete","Concrete kerbing to seggregate","0.400000","Kerb Pre-cast concrete 125x150mm","m3",,,,,,,
"cycle_lane_segregated","Membrane","Geotextile membrane","0.005000","Geotextiles Polypropylene geotextile / matting","m3",,,,,,,
"cycle_lane_segregated","Steel","Spiral Steel supporting spike","0.628000","Steel - Section","kg",,,,,,,
"cycle_lane_segregated","Crushed gravel","Type 1 Sub Base","0.225000","Stone - Gravel/Chippings","m3",,,,,,,
"cycle_lane_segregated","Sub-base","Type 1 Sub-Base Compacted Backfill","0.750000","Stone - Gravel/Chippings","m3",,,,,,,
"cycle_lane_segregated","Sand","Sharp Sand Bedding layer","0.025000","Stone, Sand And Clay, Other Minerals","m3",,,,,,,
"cycle_lane_segregated","Concrete","Stepped concrete layer","0.750000","Ready mix concrete  25% GGBS replacement - C40/50","m3",,,,,,,
"cycle_lane_segregated","Top soil","Firmground 45 Ground","0.500000","Rubber - General","m3",,,,,,,
"cycle_lane_segregated","Dense bider","Dense Binder course","0.100000","Bitumen - General - Upper","m3",,,,,,,
"cycle_lane_segregated","Surface course","Surface course","0.030000","Asphalt - 4% Bitumen Binder","m3",,,,,,,
"cycle_lane_segregated","Paint colour surface","Eurovia Creabond Paints","0.002000","Paint - General","m3",,,,,,,
"cycle_lane_segregated","Geogrid","Tensar Triax geogrid Laid","78.500000","Steel - Section","kg",,,,,,,
"cycle_lane_segregated","Steel","High steel edging","37.680000","Steel - Section","kg",,,,,,,
"cycle_lane_segregated","Steel segregation","Segration","883.125000","Steel - Section","kg",,,,,,,
"cycle_lane_segregated","Concrete","Concrete surround of segregation","0.650000","Ready mix concrete  25% GGBS replacement - C40/50","m3",,,,,,,
"cycle_lane_segregated","Concrete","Concrete kerbing to seggregate","0.400000","Kerb Pre-cast concrete 125x150mm","m3",,,,,,,
"cycle_track_rural","Membrane","Geotextile membrane","0.005000","Geotextiles Polypropylene geotextile / matting","m3",,,,,,,
"cycle_track_rural","Steel","Spiral Steel supporting spike","0.628000","Steel - Section","kg",,,,,,,
"cycle_track_rural","Crushed gravel","Type 1 Sub Base","0.225000","Stone - Gravel/Chippings","m3",,,,,,,
"cycle_track_rural","Sub-base","Type 1 Sub-Base Compacted Backfill","0.750000","Stone - Gravel/Chippings","m3",,,,,,,
"cycle_track_rural","Sand","Sharp Sand Bedding layer","0.025000","Stone, Sand And Clay, Other Minerals","m3",,,,,,,
"cycle_track_rural","Top soil","Firmground 45 Ground","0.600000","Stone - Gravel/Chippings","m3",,,,,,,
"cycle_track_rural","Dense bider","Dense Binder course","0.100000","Bitumen - General - Upper","m3",,,,,,,
"cycle_track_rural","Surface course","Surface course","0.030000","Asphalt - 4% Bitumen Binder","m3",,,,,,,
"cycle_track_rural","Geogrid","Tensar Triax geogrid Laid","78.500000","Steel - Section","kg",,,,,,,
"cycle_track_rural","Steel","High steel edging","37.680000","Steel - Section","kg",,,,,,,
"cycle_track_urban","Membrane","Geotextile membrane","0.005000","Geotextiles Polypropylene geotextile / matting","m3",,,,,,,
"cycle_track_urban","Steel","Spiral Steel supporting spike","0.000080","Steel - Section","kg",,,,,,,
"cycle_track_urban","Crushed gravel","Type 1 Sub Base","0.225000","Stone - Gravel/Chippings","m3",,,,,,,
"cycle_track_urban","Sub-base","Type 1 Sub-Base Compacted Backfill","0.750000","Stone - Gravel/Chippings","m3",,,,,,,
"cycle_track_urban","Sand","Sharp Sand Bedding layer","0.025000","Stone, Sand And Clay, Other Minerals","m3",,,,,,,
"cycle_track_urban","Top soil","Firmground 45 Ground","0.500000","Rubber - General","m3",,,,,,,
"cycle_track_urban","Dense bider","Dense Binder course","0.100000","Bitumen - General - Upper","m3",,,,,,,
"cycle_track_urban","Surface course","Surface course","0.030000","Asphalt - 4% Bitumen Binder","m3",,,,,,,
"cycle_track_urban","Paint colour surface","Eurovia Creabond Paints","0.002000","Paint - General","m3",,,,,,,
"cycle_track_urban","Geogrid","Tensar Triax geogrid Laid","78.500000","Steel - Section","kg",,,,,,,
"cycle_track_urban","Steel","High steel edging","37.680000","Steel - Section","kg",,,,,,,
"cycle_track_urban","Drainage","Concrete bed for drainage","0.030000","Ready mix concrete  25% GGBS replacement - C40/50","m3",,,,,,,
"cycle_track_urban","Drainage","Filter material drainage","235.500000","Steel - Section","kg",,,,,,,
"cycle_track_urban","Concrete","Concrete kerbing to seggregate","0.400000","Kerb Pre-cast concrete 125x150mm","m3",,,,,,,
"cycle_upgrade_stepped","Crushed gravel","Type 1 Sub Base","0.225000","Stone - Gravel/Chippings","m3",,,,,,,
"cycle_upgrade_stepped","Sub-base","Type 1 Sub-Base Compacted Backfill","0.750000","Stone - Gravel/Chippings","m3",,,,,,,
"cycle_upgrade_stepped","Concrete","Stepped concrete layer","0.750000","Ready mix concrete  25% GGBS replacement - C40/50","m3",,,,,,,
"cycle_upgrade_stepped","Top soil","Firmground 45 Ground","0.500000","Rubber - General","m3",,,,,,,
"cycle_upgrade_stepped","Dense bider","Dense Binder course","0.100000","Bitumen - General - Upper","m3",,,,,,,
"cycle_upgrade_stepped","Surface course","Surface course","0.030000","Asphalt - 4% Bitumen Binder","m3",,,,,,,
"cycle_upgrade_stepped","Paint colour surface","Eurovia Creabond Paints","0.002000","Paint - General","m3",,,,,,,
"cycle_upgrade_stepped","Steel","High steel edging","37.680000","Steel - Section","kg",,,,,,,
"cycle_upgrade_stepped","Concrete","Stepped concrete layer","0.750000","Ready mix concrete  25% GGBS replacement - C40/50","m3",,,,,,,
"cycle_upgrade_segregated","Crushed gravel","Type 1 Sub Base","0.225000","Stone - Gravel/Chippings","m3",,,,,,,
"cycle_upgrade_segregated","Sub-base","Type 1 Sub-Base Compacted Backfill","0.750000","Stone - Gravel/Chippings","m3",,,,,,,
"cycle_upgrade_segregated","Concrete","Stepped concrete layer","0.750000","Ready mix concrete  25% GGBS replacement - C40/50","m3",,,,,,,
"cycle_upgrade_segregated","Top soil","Firmground 45 Ground","0.500000","Rubber - General","m3",,,,,,,
"cycle_upgrade_segregated","Dense bider","Dense Binder course","0.100000","Bitumen - General - Upper","m3",,,,,,,
"cycle_upgrade_segregated","Surface course","Surface course","0.030000","Asphalt - 4% Bitumen Binder","m3",,,,,,,
"cycle_upgrade_segregated","Paint colour surface","Eurovia Creabond Paints","0.002000","Paint - General","m3",,,,,,,
"cycle_upgrade_segregated","Steel","High steel edging","0.004800","Steel - Section","m3",,,,,,,
"cycle_upgrade_rail_cycle_path","Membrane","Geotextile membrane","0.005000","Geotextiles Polypropylene geotextile / matting","m3",,,,,,,
"cycle_upgrade_rail_cycle_path","Steel","Spiral Steel supporting spike","0.000080","Steel - Section","m3",,,,,,,
"cycle_upgrade_rail_cycle_path","Crushed gravel","Type 1 Sub Base","0.225000","Stone - Gravel/Chippings","m3",,,,,,,
"cycle_upgrade_rail_cycle_path","Sub-base","Type 1 Sub-Base Compacted Backfill","0.750000","Stone - Gravel/Chippings","m3",,,,,,,
"cycle_upgrade_rail_cycle_path","Sand","Sharp Sand Bedding layer","0.025000","Stone, Sand And Clay, Other Minerals","m3",,,,,,,
"cycle_upgrade_rail_cycle_path","Top soil","Firmground 45 Ground","0.600000","Stone - Gravel/Chippings","m3",,,,,,,
"cycle_upgrade_rail_cycle_path","Dense bider","Dense Binder course","0.100000","Bitumen - General - Upper","m3",,,,,,,
"cycle_upgrade_rail_cycle_path","Surface course","Surface course","0.030000","Asphalt - 4% Bitumen Binder","m3",,,,,,,
"cycle_upgrade_rail_cycle_path","Geogrid","Tensar Triax geogrid Laid","0.300000","Steel - Section","m3",,,,,,,
"cycle_upgrade_rail_cycle_path","Steel","High steel edging","0.004800","Steel - Section","m3",,,,,,,
"cycle_stands_roof","Concrete","Concrete surround","0.196000","Ready mix concrete  25% GGBS replacement - C40/50","m3",,,,,,,
"cycle_stands_roof","Steel","Stand framing","5683.700000","Steel - Section","kg",,,,,,,
"cycle_stands_roof","Glass covering","Glass - Single Pane, 4mm","5.838000","Glass - Single Pane, 4mm","m2",,,,,,,
"cycle_stands_open","Steel","Sheffield_cycle_stand","8.000000","Steel - Section","kg",,,,,,,
"cycle_stands_open","Concrete","Class ST2 concrete surround","0.098000","Ready mix concrete  25% GGBS replacement - C40/50","m3",,,,,,,
"cycle_secure_parking","Steel","Secure parking metal","759.000000","Steel - Section","kg",,,,,,,
"cycle_secure_parking","Steel","Galvanised steel mesh","278.000000","Steel - Sheet - Galvanised - Virgin","kg",,,,,,,
"cycle_secure_parking","Steel","Secure parking steel frame","437.873000","Steel - Section","kg",,,,,,,
"cycle_docking_station","Concrete","Class ST2 concrete surround","0.098000","Ready mix concrete  25% GGBS replacement - C40/50","m3",,,,,,,
"cycle_docking_station","Steel","Structure of docking","62.800000","Steel - Section","kg",,,,,,,
"cycle_docking_station","Steel","Bicycle docking attachement","0.098000","Steel - Section","kg",,,,,,,
"cycle_docking_station","Plastic","Plastic casing","0.851400","HDPE - General","kg",,,,,,,
